{
    "EchoTime": 0.025001,
    "RepetitionTime": 1.399999,
    "PhaseEncodingDirection": "j-",
    "SliceTiming": [
        0,
        0.699999,
        0.00972222,
        0.709722,
        0.0194444,
        0.719444,
        0.0291666,
        0.729166,
        0.0388889,
        0.738888,
        0.0486111,
        0.748611,
        0.0583333,
        0.758333,
        0.0680555,
        0.768055,
        0.0777777,
        0.777777,
        0.0874999,
        0.787499,
        0.0972222,
        0.797222,
        0.106944,
        0.806944,
        0.116667,
        0.816666,
        0.126389,
        0.826388,
        0.136111,
        0.836111,
        0.145833,
        0.845833,
        0.155555,
        0.855555,
        0.165278,
        0.865277,
        0.175,
        0.874999,
        0.184722,
        0.884722,
        0.194444,
        0.894444,
        0.204167,
        0.904166,
        0.213889,
        0.913888,
        0.223611,
        0.92361,
        0.233333,
        0.933333,
        0.243055,
        0.943055,
        0.252778,
        0.952777,
        0.2625,
        0.962499,
        0.272222,
        0.972222,
        0.281944,
        0.981944,
        0.291666,
        0.991666,
        0.301389,
        1.00139,
        0.311111,
        1.01111,
        0.320833,
        1.02083,
        0.330555,
        1.03055,
        0.340278,
        1.04028,
        0.35,
        1.05,
        0.359722,
        1.05972,
        0.369444,
        1.06944,
        0.379166,
        1.07917,
        0.388889,
        1.08889,
        0.398611,
        1.09861,
        0.408333,
        1.10833,
        0.418055,
        1.11805,
        0.427777,
        1.12778,
        0.4375,
        1.1375,
        0.447222,
        1.14722,
        0.456944,
        1.15694,
        0.466666,
        1.16667,
        0.476389,
        1.17639,
        0.486111,
        1.18611,
        0.495833,
        1.19583,
        0.505555,
        1.20555,
        0.515277,
        1.21528,
        0.525,
        1.225,
        0.534722,
        1.23472,
        0.544444,
        1.24444,
        0.554166,
        1.25417,
        0.563888,
        1.26389,
        0.573611,
        1.27361,
        0.583333,
        1.28333,
        0.593055,
        1.29305,
        0.602777,
        1.30278,
        0.6125,
        1.3125,
        0.622222,
        1.32222,
        0.631944,
        1.33194,
        0.641666,
        1.34167,
        0.651388,
        1.35139,
        0.661111,
        1.36111,
        0.670833,
        1.37083,
        0.680555,
        1.38055,
        0.690277,
        1.39028 ]
}